{"cameraMode":{"drawMode":0,"name":"Shaded","section":"Shading Mode"},"sceneLighting":true,"audioPlay":false,"sceneViewState":{"m_AlwaysRefresh":false,"showFog":true,"showSkybox":true,"showFlares":true,"showImageEffects":true,"showParticleSystems":true,"showVisualEffectGraphs":true,"m_FxEnabled":true},"in2DMode":false,"pivot":{"x":-4.000588417053223,"y":2.944018840789795,"z":-5.742480278015137},"rotation":{"x":0.2391517460346222,"y":0.008154908195137978,"z":-0.0020070967730134727,"w":0.9709487557411194},"size":3.8577933311462404,"orthographic":false}