{"cameraMode":{"drawMode":0,"name":"Shaded","section":"Shading Mode"},"sceneLighting":true,"audioPlay":false,"sceneViewState":{"m_AlwaysRefresh":false,"showFog":true,"showSkybox":true,"showFlares":true,"showImageEffects":true,"showParticleSystems":true,"showVisualEffectGraphs":true,"m_FxEnabled":true},"in2DMode":false,"pivot":{"x":0.2627241611480713,"y":1.3556733131408692,"z":3.0694799423217775},"rotation":{"x":0.16577036678791047,"y":0.05617475137114525,"z":-0.009460140950977803,"w":0.9845353364944458},"size":10.293701171875,"orthographic":false}