{"cameraMode":{"drawMode":0,"name":"Shaded","section":"Shading Mode"},"sceneLighting":false,"audioPlay":false,"sceneViewState":{"m_AlwaysRefresh":false,"showFog":true,"showSkybox":false,"showFlares":true,"showImageEffects":true,"showParticleSystems":true,"showVisualEffectGraphs":true,"m_FxEnabled":true},"in2DMode":false,"pivot":{"x":0.2853151559829712,"y":3.619999885559082,"z":2.649456024169922},"rotation":{"x":0.3950454592704773,"y":0.05231446400284767,"z":-0.022544948384165765,"w":0.9169123768806458},"size":0.8660253882408142,"orthographic":false}