{"cameraMode":{"drawMode":0,"name":"Shaded","section":"Shading Mode"},"sceneLighting":false,"audioPlay":false,"sceneViewState":{"m_AlwaysRefresh":false,"showFog":true,"showSkybox":false,"showFlares":true,"showImageEffects":true,"showParticleSystems":true,"showVisualEffectGraphs":true,"m_FxEnabled":true},"in2DMode":false,"pivot":{"x":-0.0018528401851654053,"y":6.304001808166504,"z":-0.3606047034263611},"rotation":{"x":0.10563042014837265,"y":0.2651282548904419,"z":-0.02920825220644474,"w":0.9580174684524536},"size":0.20207923650741578,"orthographic":false}